<?xml version="1.0" encoding="UTF-8"?>
<project-private xmlns="http://www.netbeans.org/ns/project-private/1">
    <editor-bookmarks xmlns="http://www.netbeans.org/ns/editor-bookmarks/2" lastBookmarkId="0"/>
    <open-files xmlns="http://www.netbeans.org/ns/projectui-open-files/2">
        <group>
            <file>file:/C:/Users/user/Documents/NetBeansProjects/GestaoDeBibliotecas/src/gestaodebibliotecas/BaseDadosCliente.java</file>
            <file>file:/C:/Users/user/Documents/NetBeansProjects/GestaoDeBibliotecas/src/Livro/EmprestimoLivro.java</file>
            <file>file:/C:/Users/user/Documents/NetBeansProjects/GestaoDeBibliotecas/src/gestaodebibliotecas/BaseDeDadosLivro.java</file>
            <file>file:/C:/Users/user/Documents/NetBeansProjects/GestaoDeBibliotecas/src/gestaodebibliotecas/GestaoDeBibliotecas.java</file>
            <file>file:/C:/Users/user/Documents/NetBeansProjects/GestaoDeBibliotecas/src/utilizador/Cliente.java</file>
            <file>file:/C:/Users/user/Documents/NetBeansProjects/GestaoDeBibliotecas/src/Livro/Livros.java</file>
        </group>
    </open-files>
</project-private>
